Geneid,gene_name,infection,concentration,treatment,foldchange Drug/DMSO [log],viral_gene
ENSG00000111640,GAPDH,MOI10,100uM,4u8C,0.26151488828869773,FALSE
ENSG00000138413,IDH1,MOI10,100uM,4u8C,0.37641664332286595,FALSE
ENSG00000182054,IDH2,MOI10,100uM,4u8C,0.9479504251403679,FALSE
ENSSASG00005000002,ORF1ab,MOI10,100uM,4u8C,-0.3501051934837136,TRUE
ENSSASG00005000004,S,MOI10,100uM,4u8C,-0.6004830981161433,TRUE
ENSSASG00005000005,N,MOI10,100uM,4u8C,-0.9451040734032645,TRUE
ENSSASG00005000006,ORF3a,MOI10,100uM,4u8C,-0.7382783674075064,TRUE
ENSSASG00005000007,M,MOI10,100uM,4u8C,-0.8492319844330183,TRUE
ENSSASG00005000008,ORF8,MOI10,100uM,4u8C,-0.7612444999694894,TRUE
ENSSASG00005000009,ORF7a,MOI10,100uM,4u8C,-0.789113708074396,TRUE
ENSSASG00005000010,E,MOI10,100uM,4u8C,-0.7747609951736152,TRUE
ENSSASG00005000011,ORF6,MOI10,100uM,4u8C,-0.6965003902694651,TRUE
ENSSASG00005000012,ORF7b,MOI10,100uM,4u8C,-0.7072807292076266,TRUE
ENSSASG00005000013,ORF10,MOI10,100uM,4u8C,-0.959162269877023,TRUE
ENSG00000111640,GAPDH,MOI10,1uM,Kira,-0.2775592439873833,FALSE
ENSG00000138413,IDH1,MOI10,1uM,Kira,0.29973389711664566,FALSE
ENSG00000182054,IDH2,MOI10,1uM,Kira,-0.2432887505457888,FALSE
ENSSASG00005000002,ORF1ab,MOI10,1uM,Kira,0.2852245307253334,TRUE
ENSSASG00005000004,S,MOI10,1uM,Kira,0.10002046265605102,TRUE
ENSSASG00005000005,N,MOI10,1uM,Kira,-0.38113157908021833,TRUE
ENSSASG00005000006,ORF3a,MOI10,1uM,Kira,0.012374904790394936,TRUE
ENSSASG00005000007,M,MOI10,1uM,Kira,-0.15518285628379047,TRUE
ENSSASG00005000008,ORF8,MOI10,1uM,Kira,0.04017430475023076,TRUE
ENSSASG00005000009,ORF7a,MOI10,1uM,Kira,0.026566257014543737,TRUE
ENSSASG00005000010,E,MOI10,1uM,Kira,-0.01765098021761702,TRUE
ENSSASG00005000011,ORF6,MOI10,1uM,Kira,-0.07421931493389344,TRUE
ENSSASG00005000012,ORF7b,MOI10,1uM,Kira,-0.09283254605987068,TRUE
ENSSASG00005000013,ORF10,MOI10,1uM,Kira,-0.30655246208483433,TRUE
ENSG00000111640,GAPDH,MOI10,2uM,Kira,0.7135600902783956,FALSE
ENSG00000138413,IDH1,MOI10,2uM,Kira,0.06907880612760842,FALSE
ENSG00000182054,IDH2,MOI10,2uM,Kira,0.49625658778353454,FALSE
ENSSASG00005000002,ORF1ab,MOI10,2uM,Kira,-6.396880022047759,TRUE
ENSSASG00005000004,S,MOI10,2uM,Kira,-3.8455356813080854,TRUE
ENSSASG00005000005,N,MOI10,2uM,Kira,-0.31811935449271544,TRUE
ENSSASG00005000006,ORF3a,MOI10,2uM,Kira,-2.557864537669033,TRUE
ENSSASG00005000007,M,MOI10,2uM,Kira,-1.9162896005857633,TRUE
ENSSASG00005000008,ORF8,MOI10,2uM,Kira,-0.8131680289808614,TRUE
ENSSASG00005000009,ORF7a,MOI10,2uM,Kira,-1.249892215199072,TRUE
ENSSASG00005000010,E,MOI10,2uM,Kira,-2.069533688346615,TRUE
ENSSASG00005000011,ORF6,MOI10,2uM,Kira,-1.3504084020565674,TRUE
ENSSASG00005000012,ORF7b,MOI10,2uM,Kira,-1.0895931190803072,TRUE
ENSSASG00005000013,ORF10,MOI10,2uM,Kira,0.44509169759655265,TRUE
ENSG00000111640,GAPDH,MOI10,50uM,4u8C,0.08707283020576995,FALSE
ENSG00000138413,IDH1,MOI10,50uM,4u8C,0.2100191544189851,FALSE
ENSG00000182054,IDH2,MOI10,50uM,4u8C,0.5841239586031008,FALSE
ENSSASG00005000002,ORF1ab,MOI10,50uM,4u8C,0.2013229464332369,TRUE
ENSSASG00005000004,S,MOI10,50uM,4u8C,0.10607006302048916,TRUE
ENSSASG00005000005,N,MOI10,50uM,4u8C,-0.184682903487289,TRUE
ENSSASG00005000006,ORF3a,MOI10,50uM,4u8C,0.03590329540679349,TRUE
ENSSASG00005000007,M,MOI10,50uM,4u8C,-0.0609365805340083,TRUE
ENSSASG00005000008,ORF8,MOI10,50uM,4u8C,0.1066959071073903,TRUE
ENSSASG00005000009,ORF7a,MOI10,50uM,4u8C,0.0799001346284669,TRUE
ENSSASG00005000010,E,MOI10,50uM,4u8C,-0.008709704084303382,TRUE
ENSSASG00005000011,ORF6,MOI10,50uM,4u8C,0.020454131443104373,TRUE
ENSSASG00005000012,ORF7b,MOI10,50uM,4u8C,0.031502774704545544,TRUE
ENSSASG00005000013,ORF10,MOI10,50uM,4u8C,-0.16145526527272125,TRUE
